id,yahoo,ciks,share_rule
apple,AAPL,320193,sum
microsoft,MSFT,789019,sum
nvidia,NVDA,1045810,sum
alphabet,GOOGL,1652044|1288776,sum
amazon,AMZN,1018724,sum
meta,META,1326801,sum
tesla,TSLA,1318605,sum
broadcom,AVGO,1730168,sum
oracle,ORCL,1341439,sum
cisco,CSCO,858877,sum
intel,INTC,50863,sum
ibm,IBM,51143,sum
qualcomm,QCOM,804328,sum
texas-instruments,TXN,97476,sum
amd,AMD,2488,sum
adobe,ADBE,796343,sum
salesforce,CRM,1108524,sum
netflix,NFLX,1065280,sum
hp,HPQ,47217,sum
micron,MU,723125,sum
applied-materials,AMAT,6951,sum
palantir,PLTR,1321655,sum
att,T,732717,sum
verizon,VZ,732712,sum
comcast,CMCSA,1166691,sum
disney,DIS,1744489|1001039,sum
t-mobile,TMUS,1283699,sum
berkshire,BRK-B,1067983,berkshire_aeq
jpmorgan,JPM,19617,sum
bank-of-america,BAC,70858,sum
citigroup,C,831001,sum
wells-fargo,WFC,72971,sum
goldman-sachs,GS,886982,sum
morgan-stanley,MS,895421,sum
american-express,AXP,4962,sum
visa,V,1403161,sum
mastercard,MA,1141391,sum
aig,AIG,5272,sum
metlife,MET,1099219,sum
blackrock,BLK,2012383|1364742,sum
schwab,SCHW,316709,sum
johnson-johnson,JNJ,200406,sum
eli-lilly,LLY,59478,sum
merck,MRK,310158,sum
pfizer,PFE,78003,sum
abbvie,ABBV,1551152,sum
abbott,ABT,1800,sum
bristol-myers,BMY,14272,sum
unitedhealth,UNH,731766,sum
amgen,AMGN,318154,sum
thermo-fisher,TMO,97745,sum
medtronic,MDT,1613103|64670,sum
gilead,GILD,882095,sum
walmart,WMT,104169,sum
procter-gamble,PG,80424,sum
coca-cola,KO,21344,sum
pepsico,PEP,77476,sum
costco,COST,909832,sum
altria,MO,764180,sum
philip-morris-intl,PM,1413329,sum
mondelez,MDLZ,1103982,sum
colgate,CL,21665,sum
home-depot,HD,354950,sum
mcdonalds,MCD,63908,sum
nike,NKE,320187,sum
lowes,LOW,60667,sum
ford,F,37996,sum
gm,GM,1467858,sum
starbucks,SBUX,829224,sum
ge,GE,40545,sum
boeing,BA,12927,sum
caterpillar,CAT,18230,sum
honeywell,HON,773840,sum
union-pacific,UNP,100885,sum
ups,UPS,1090727,sum
lockheed,LMT,936468,sum
rtx,RTX,101829,sum
3m,MMM,66740,sum
deere,DE,315189,sum
exxon,XOM,34088,sum
chevron,CVX,93410,sum
conocophillips,COP,1163165,sum
occidental,OXY,797468,sum
slb,SLB,87347,sum
eog,EOG,821189,sum
nextera,NEE,753308,sum
duke-energy,DUK,1326160,sum
southern,SO,92122,sum
linde,LIN,1707925,sum
dow,DOW,1751788,sum
